_object,Pos F1,Pos F2,Pos F3,Volume
"<PK:noesy_HSQC_SilB41_1ag.1.277: @(8.394, 8.389, 126.03)>",8.39395139857336,8.3893333951683,126.025033812623,169800153361.851
"<PK:noesy_HSQC_SilB41_1ag.1.278: @(8.393, 4.12, 126.03)>",8.39303901724364,4.11970053896418,126.03302547551,54079422843.4623
"<PK:noesy_HSQC_SilB41_1ag.1.279: @(8.394, 1.191, 126.04)>",8.39447875647235,1.19084001404252,126.040126888102,21722018850.0452
"<PK:noesy_HSQC_SilB41_1ag.1.280: @(8.393, 0.363, 126.02)>",8.39253575435935,0.362690888546545,126.020780222963,16653072417.9061
"<PK:noesy_HSQC_SilB41_1ag.1.281: @(8.688, 8.687, 127.05)>",8.68832665158592,8.68694572331333,127.04907953941,99923818212.4587
"<PK:noesy_HSQC_SilB41_1ag.1.282: @(8.689, 6.616, 127.1)>",8.68917270952467,6.61572981163462,127.098016152902,15181728146.9459
"<PK:noesy_HSQC_SilB41_1ag.1.283: @(8.689, 3.394, 127.05)>",8.68895883521895,3.3944063758191,127.051110077052,27509209196.4003
"<PK:noesy_HSQC_SilB41_1ag.1.284: @(8.688, 1.176, 127.05)>",8.68839222977025,1.17623560677256,127.05330687711,15856318317.0078
"<PK:noesy_HSQC_SilB41_1ag.1.285: @(8.689, 0.962, 127.03)>",8.68882146879496,0.961635826473163,127.031632023426,14145510609.2607
"<PK:noesy_HSQC_SilB41_1ag.1.286: @(8.689, 0.596, 127.03)>",8.68890145430766,0.595931395055361,127.032231443183,6945638268.63276
"<PK:noesy_HSQC_SilB41_1ag.1.287: @(8.69, 0.355, 127.04)>",8.68977135885889,0.355033329582,127.038404900458,6544752452.1314
"<PK:noesy_HSQC_SilB41_1ag.1.288: @(8.688, -1.077, 127.06)>",8.68783978324771,-1.0766027124647,127.060396707954,11384925362.7034
"<PK:noesy_HSQC_SilB41_1ag.1.289: @(6.613, 6.618, 112.07)>",6.61305507960641,6.61839348351673,112.067187031141,188910374295.197
"<PK:noesy_HSQC_SilB41_1ag.1.290: @(6.616, 4.466, 111.95)>",6.61602447966507,4.46597738594282,111.948136965599,4890750740.25771
"<PK:noesy_HSQC_SilB41_1ag.1.291: @(6.612, 3.4, 111.92)>",6.61194273449493,3.40002885363156,111.922992735222,5855678105.85992
"<PK:noesy_HSQC_SilB41_1ag.1.292: @(6.615, 0.965, 111.95)>",6.61516053676696,0.965151554831771,111.947884740884,7127824973.49348
"<PK:noesy_HSQC_SilB41_1ag.1.293: @(6.617, 0.589, 111.94)>",6.61728288527802,0.58932596657639,111.94250257431,3870861270.45688
"<PK:noesy_HSQC_SilB41_1ag.1.294: @(6.613, 0.29, 111.96)>",6.61332732843227,0.29045919430227,111.964412151401,5709519357.94117
"<PK:noesy_HSQC_SilB41_1ag.1.295: @(6.607, -1.073, 111.94)>",6.60735673283165,-1.07303621905901,111.944318592259,19699375696.7578
"<PK:noesy_HSQC_SilB41_1ag.1.296: @(6.614, 8.686, 111.92)>",6.61421859557385,8.68550613607136,111.923481742323,10999563498.469
"<PK:noesy_HSQC_SilB41_1ag.1.297: @(9.638, 9.635, 120.65)>",9.63753857748031,9.63520507462638,120.650288049743,80623888355.2973
"<PK:noesy_HSQC_SilB41_1ag.1.298: @(9.638, 9.417, 120.62)>",9.63819075749152,9.41717342783536,120.624153966045,22325962482.5709
"<PK:noesy_HSQC_SilB41_1ag.1.299: @(9.637, 7.219, 120.62)>",9.63688888149124,7.21880214696751,120.620468396738,11300518346.5367
"<PK:noesy_HSQC_SilB41_1ag.1.300: @(9.64, 6.836, 120.67)>",9.64000943429673,6.83614940642458,120.665732438218,3539913620.39069
"<PK:noesy_HSQC_SilB41_1ag.1.301: @(9.635, 4.466, 120.64)>",9.63500003106075,4.4661899023654,120.63910934742,16260699264.5851
"<PK:noesy_HSQC_SilB41_1ag.1.302: @(9.639, 3.442, 120.63)>",9.63880741598622,3.44245648827407,120.630508484634,5256393415.08963
"<PK:noesy_HSQC_SilB41_1ag.1.303: @(9.639, 3.214, 120.65)>",9.63948431201766,3.21410784105698,120.654928984501,13488432990.4264
"<PK:noesy_HSQC_SilB41_1ag.1.304: @(9.638, 2.809, 120.64)>",9.63782560623786,2.80900674692531,120.644262967517,17310543805.6825
"<PK:noesy_HSQC_SilB41_1ag.1.305: @(9.608, 9.606, 117.55)>",9.60752152981526,9.60647803033718,117.554998699511,73719079717.9183
"<PK:noesy_HSQC_SilB41_1ag.1.306: @(9.605, 9.095, 117.55)>",9.60537260226737,9.09470812526855,117.545231940848,13549756605.7733
"<PK:noesy_HSQC_SilB41_1ag.1.307: @(9.602, 6.778, 117.56)>",9.60225403667959,6.77792363936091,117.563012239032,19431521567.0515
"<PK:noesy_HSQC_SilB41_1ag.1.308: @(9.605, 5.356, 117.54)>",9.60527212357206,5.35560796041892,117.53686940468,25459249390.7403
"<PK:noesy_HSQC_SilB41_1ag.1.309: @(9.606, 2.808, 117.58)>",9.60620400447553,2.80838860782262,117.582037188973,11009891964.0861
"<PK:noesy_HSQC_SilB41_1ag.1.310: @(9.606, 1.589, 117.56)>",9.60632696357115,1.58925306206958,117.562823842612,5906366232.82166
"<PK:noesy_HSQC_SilB41_1ag.1.311: @(9.607, 1.233, 117.58)>",9.60677806199064,1.2326315925069,117.584062193114,5924767964.91582
"<PK:noesy_HSQC_SilB41_1ag.1.312: @(9.6, 0.431, 117.58)>",9.59993545041997,0.430641397153682,117.578215727166,8928113676.92826
"<PK:noesy_HSQC_SilB41_1ag.1.313: @(9.606, 3.354, 117.53)>",9.60579414082347,3.35366543475068,117.525658273465,3996462982.51987
"<PK:noesy_HSQC_SilB41_1ag.1.314: @(9.619, 3.533, 117.55)>",9.61924636268866,3.53283867763585,117.546940891979,3759560377.21231
"<PK:noesy_HSQC_SilB41_1ag.1.315: @(9.608, 3.943, 117.53)>",9.60826040219894,3.94309939179777,117.530462896916,2316416282.34482
"<PK:noesy_HSQC_SilB41_1ag.1.316: @(10.802, 10.794, 124.5)>",10.8017994565802,10.7944092783792,124.495735911811,62546035682.1796
"<PK:noesy_HSQC_SilB41_1ag.1.317: @(10.794, 7.273, 124.46)>",10.7938355729435,7.27251778798564,124.460757748637,3935918087.28695
"<PK:noesy_HSQC_SilB41_1ag.1.318: @(10.801, 6.776, 124.55)>",10.8006434703048,6.77577458570116,124.553605269488,3986200779.22005
"<PK:noesy_HSQC_SilB41_1ag.1.319: @(10.797, 5.324, 124.48)>",10.797227109276,5.32418688475867,124.478681145741,15616896258.0439
"<PK:noesy_HSQC_SilB41_1ag.1.320: @(10.789, 4.899, 124.51)>",10.7891717321178,4.89856078531712,124.511006831451,6943389902.11488
"<PK:noesy_HSQC_SilB41_1ag.1.321: @(10.801, 3.354, 124.47)>",10.8011793049293,3.35359824571778,124.469551640542,3594364647.35133
"<PK:noesy_HSQC_SilB41_1ag.1.322: @(10.802, 3.114, 124.48)>",10.8024537674166,3.1143371041645,124.477337663075,23379050183.679
"<PK:noesy_HSQC_SilB41_1ag.1.323: @(10.804, 2.438, 124.48)>",10.804159452265,2.43799786578412,124.477237545305,6080109735.13138
"<PK:noesy_HSQC_SilB41_1ag.1.324: @(10.806, 0.437, 124.5)>",10.805950249803,0.436973092535649,124.499011229897,3631729700.72118
"<PK:noesy_HSQC_SilB41_1ag.1.325: @(8.198, 8.572, 121.74)>",8.19786368494587,8.57213957394725,121.743239509727,9295375216.61216
"<PK:noesy_HSQC_SilB41_1ag.1.326: @(8.196, 8.196, 121.78)>",8.1964507731562,8.1961825938053,121.78363870267,274810220337.502
"<PK:noesy_HSQC_SilB41_1ag.1.327: @(8.199, 4.424, 121.79)>",8.19884984173296,4.42370353953117,121.785097488063,12400211400.1123
"<PK:noesy_HSQC_SilB41_1ag.1.328: @(8.2, 4.172, 121.77)>",8.19957939903363,4.17238619699277,121.771974596456,10831229248.7448
"<PK:noesy_HSQC_SilB41_1ag.1.329: @(8.196, 3.403, 121.69)>",8.19611915620135,3.4028682123923,121.687388721887,3631065267.31529
"<PK:noesy_HSQC_SilB41_1ag.1.330: @(8.198, 3.189, 121.85)>",8.1977603496251,3.18868052482803,121.848921665367,9371527294.72608
"<PK:noesy_HSQC_SilB41_1ag.1.331: @(8.199, 3.111, 121.82)>",8.199381919274,3.11143503563972,121.816856182909,13874030113.1338
"<PK:noesy_HSQC_SilB41_1ag.1.332: @(8.202, 2.338, 121.78)>",8.20185923454797,2.33835503690242,121.775059459145,4835273390.038
"<PK:noesy_HSQC_SilB41_1ag.1.333: @(8.198, 1.794, 121.73)>",8.19778866747743,1.79430005498008,121.734358626032,8825439697.87126
"<PK:noesy_HSQC_SilB41_1ag.1.334: @(8.2, 1.409, 121.84)>",8.20039316468464,1.40858025950936,121.842688111693,10688299454.1471
"<PK:noesy_HSQC_SilB41_1ag.1.335: @(8.198, 0.953, 121.77)>",8.19803359205981,0.952529970577197,121.771319841685,13916126237.055
"<PK:noesy_HSQC_SilB41_1ag.1.336: @(8.195, 0.688, 121.88)>",8.19482050942984,0.688156554704793,121.878222970845,18583744564.6185
"<PK:noesy_HSQC_SilB41_1ag.1.337: @(8.194, 0.523, 121.7)>",8.1943738822502,0.52262567167775,121.699728172645,12776780175.7228
"<PK:noesy_HSQC_SilB41_1ag.1.338: @(8.098, 8.095, 126.04)>",8.09800897599664,8.09506434353076,126.035810499635,200842554572.98
"<PK:noesy_HSQC_SilB41_1ag.1.339: @(8.104, 4.39, 126.04)>",8.1037090615869,4.39039669168083,126.044735908713,4446620003.25629
"<PK:noesy_HSQC_SilB41_1ag.1.340: @(8.1, 4.04, 126.06)>",8.09952621671591,4.03975106447402,126.059959471876,55127275077.8119
"<PK:noesy_HSQC_SilB41_1ag.1.341: @(8.093, 3.551, 126.01)>",8.09277638337194,3.55068955943628,126.0107869768,5574817129.1274
"<PK:noesy_HSQC_SilB41_1ag.1.342: @(8.097, 1.151, 126.05)>",8.09720837566293,1.15135575673762,126.045606341352,14372306656.0604
"<PK:noesy_HSQC_SilB41_1ag.1.343: @(8.101, 1.034, 126.05)>",8.10122603306202,1.03388145622056,126.045313709208,10084816012.3847
"<PK:noesy_HSQC_SilB41_1ag.1.344: @(8.099, 0.813, 126.06)>",8.09904655204189,0.813229685994677,126.057625363772,15938700067.1261
"<PK:noesy_HSQC_SilB41_1ag.1.345: @(8.101, 0.585, 126.06)>",8.10078660954657,0.585047767118491,126.062809353785,18752358194.3936
"<PK:noesy_HSQC_SilB41_1ag.1.346: @(8.101, 0.485, 126.06)>",8.10124491163024,0.485168034683754,126.061489549357,33631330399.0391
"<PK:noesy_HSQC_SilB41_1ag.1.347: @(8.099, 0.312, 126.06)>",8.09925545830334,0.312200569955929,126.056529473122,6833981012.86714
"<PK:noesy_HSQC_SilB41_1ag.1.348: @(8.099, -0.192, 126.06)>",8.09938810508528,-0.191932181706301,126.058906305004,8629062856.95333
"<PK:noesy_HSQC_SilB41_1ag.1.349: @(8.648, 8.644, 119.88)>",8.64754223737891,8.64399351651766,119.877014944371,74064399880.3245
"<PK:noesy_HSQC_SilB41_1ag.1.350: @(8.649, 7.14, 119.88)>",8.64885404946773,7.13956910664669,119.881205477852,8763691884.99222
"<PK:noesy_HSQC_SilB41_1ag.1.351: @(8.645, 4.999, 119.88)>",8.64512453863615,4.99918606716879,119.879925823481,4126493199.6464
"<PK:noesy_HSQC_SilB41_1ag.1.352: @(8.648, 4.754, 119.88)>",8.64803929020787,4.75418100984729,119.88109429308,17837009689.8401
"<PK:noesy_HSQC_SilB41_1ag.1.353: @(8.648, 3.168, 119.88)>",8.64833215641743,3.16813212778076,119.882193272196,4138154828.27706
"<PK:noesy_HSQC_SilB41_1ag.1.354: @(8.647, 2.86, 119.88)>",8.64731718497359,2.8601361078733,119.878954500956,7360638590.06324
"<PK:noesy_HSQC_SilB41_1ag.1.355: @(8.651, 2.615, 119.89)>",8.65089591566165,2.61483641420012,119.888150408172,10342097317.7161
"<PK:noesy_HSQC_SilB41_1ag.1.356: @(7.136, 8.646, 117.37)>",7.13629894113861,8.64560928833479,117.366635223273,7262011222.33517
"<PK:noesy_HSQC_SilB41_1ag.1.357: @(7.138, 7.141, 117.45)>",7.13769123554456,7.14088949556733,117.449116823076,240384796200.517
"<PK:noesy_HSQC_SilB41_1ag.1.358: @(7.137, 5.003, 117.4)>",7.13693832843583,5.00340255225573,117.403088386286,4054638364.76134
"<PK:noesy_HSQC_SilB41_1ag.1.359: @(7.143, 4.758, 117.46)>",7.14267244512932,4.75843780835397,117.459602164805,6184796991.74065
"<PK:noesy_HSQC_SilB41_1ag.1.360: @(7.137, 3.847, 117.42)>",7.13748804253402,3.84745356382887,117.41945210811,8421377105.31686
"<PK:noesy_HSQC_SilB41_1ag.1.361: @(7.14, 3.169, 117.46)>",7.14023388060065,3.1692260647757,117.456802985211,12126130462.4255
"<PK:noesy_HSQC_SilB41_1ag.1.362: @(7.137, 2.852, 117.4)>",7.13687597948027,2.85164839108002,117.40251290214,7002297165.11625
"<PK:noesy_HSQC_SilB41_1ag.1.363: @(7.149, 2.827, 117.49)>",7.14867111018006,2.82700793308082,117.492318284079,29919425290.1271
"<PK:noesy_HSQC_SilB41_1ag.1.364: @(7.141, 1.424, 117.45)>",7.14146123593692,1.4238535709291,117.445933644222,5386567629.24581
"<PK:noesy_HSQC_SilB41_1ag.1.365: @(7.133, 1.146, 117.43)>",7.13321800848615,1.14633200786279,117.433022827273,21070101035.2815
"<PK:noesy_HSQC_SilB41_1ag.1.366: @(7.142, 1.158, 117.41)>",7.14163884351948,1.15774518491823,117.407361793602,8859997932.64089
"<PK:noesy_HSQC_SilB41_1ag.1.367: @(7.136, -0.098, 117.53)>",7.13554926325865,-0.0981920337890889,117.526349060338,10430725501.7027
"<PK:noesy_HSQC_SilB41_1ag.1.368: @(7.611, 7.608, 105.18)>",7.61118907621791,7.60848684192419,105.177961312092,124269392709.052
"<PK:noesy_HSQC_SilB41_1ag.1.369: @(7.61, 3.903, 105.2)>",7.61036040643409,3.90280090295341,105.201602489064,7122024723.20601
"<PK:noesy_HSQC_SilB41_1ag.1.370: @(7.613, 3.382, 105.21)>",7.61315120530134,3.38207196246811,105.210326375742,9890399237.93629
"<PK:noesy_HSQC_SilB41_1ag.1.371: @(7.612, 2.938, 105.17)>",7.61197303360331,2.93824261207581,105.166344562355,17828619131.4862
"<PK:noesy_HSQC_SilB41_1ag.1.372: @(7.61, 2.821, 105.16)>",7.60970636340628,2.82082007199892,105.163661714977,7121246347.98713
"<PK:noesy_HSQC_SilB41_1ag.1.373: @(7.614, 1.586, 105.14)>",7.61361596584256,1.58565372069225,105.136509981765,3985262171.92379
"<PK:noesy_HSQC_SilB41_1ag.1.374: @(7.612, 1.257, 105.16)>",7.61222019380562,1.25652500799955,105.162862831797,11125293052.339
"<PK:noesy_HSQC_SilB41_1ag.1.375: @(7.611, 1.024, 105.19)>",7.61059464972131,1.02404995876926,105.190311057735,15927111133.6699
"<PK:noesy_HSQC_SilB41_1ag.1.376: @(7.611, -0.029, 105.19)>",7.61084454234796,-0.0294770632965013,105.186069564567,7588410280.82967
"<PK:noesy_HSQC_SilB41_1ag.1.377: @(8.871, 8.868, 120.12)>",8.87113863312082,8.86811547586874,120.122002354411,138452666789.723
"<PK:noesy_HSQC_SilB41_1ag.1.378: @(8.873, 4.338, 120.13)>",8.87265897886777,4.33848943104082,120.126599021158,17260018793.7989
"<PK:noesy_HSQC_SilB41_1ag.1.379: @(8.873, 4.14, 120.13)>",8.87317093582953,4.14030517572047,120.128394449335,42619810332.0614
"<PK:noesy_HSQC_SilB41_1ag.1.380: @(8.871, 3.945, 120.14)>",8.87093357709368,3.94452280390219,120.141047379381,11665408194.4767
"<PK:noesy_HSQC_SilB41_1ag.1.381: @(8.869, 3.457, 120.12)>",8.86876179654216,3.45725400180155,120.115875867555,18046798585.7878
"<PK:noesy_HSQC_SilB41_1ag.1.382: @(8.872, 3.035, 120.13)>",8.87225905130424,3.03484103122229,120.130904342622,4591371513.40936
"<PK:noesy_HSQC_SilB41_1ag.1.383: @(8.873, 2.435, 120.13)>",8.87297420127654,2.43530731828884,120.129054351548,3328101044.19488
"<PK:noesy_HSQC_SilB41_1ag.1.384: @(8.869, 1.082, 120.09)>",8.86899504622052,1.08224959676459,120.088728767042,5649290875.14514
"<PK:noesy_HSQC_SilB41_1ag.1.385: @(8.868, 0.427, 120.11)>",8.86802441457177,0.42689772377975,120.114232288952,5595376215.44329
"<PK:noesy_HSQC_SilB41_1ag.1.386: @(8.864, -0.02, 120.11)>",8.86443462998521,-0.0203582672904954,120.105073958071,5433281472.7476
"<PK:noesy_HSQC_SilB41_1ag.1.387: @(8.493, 8.492, 122.96)>",8.492996316307,8.49215774918198,122.956307070732,371017670583.443
"<PK:noesy_HSQC_SilB41_1ag.1.388: @(8.498, 4.431, 122.78)>",8.4984909732668,4.43089674762389,122.775104202682,39676120205.1338
"<PK:noesy_HSQC_SilB41_1ag.1.393: @(8.474, 8.473, 118.94)>",8.47432466713442,8.47284463494702,118.940782024274,80912895756.4297
"<PK:noesy_HSQC_SilB41_1ag.1.394: @(8.474, 4.141, 118.93)>",8.47389021166323,4.14107411687478,118.930642590725,6644930922.06454
"<PK:noesy_HSQC_SilB41_1ag.1.395: @(8.475, 3.94, 119.03)>",8.47523530964864,3.93972500925652,119.028508868662,8684391194.64981
"<PK:noesy_HSQC_SilB41_1ag.1.396: @(8.473, 2.428, 119.03)>",8.47259032288065,2.4281474558643,119.032589761604,7727062363.69634
"<PK:noesy_HSQC_SilB41_1ag.1.397: @(8.472, 1.587, 118.99)>",8.47243283587737,1.58707812818975,118.993743037519,14817342777.4563
"<PK:noesy_HSQC_SilB41_1ag.1.398: @(8.475, 1.234, 118.97)>",8.47539379026077,1.23424213851036,118.970805001283,4963209874.58007
"<PK:noesy_HSQC_SilB41_1ag.1.399: @(8.474, 1.076, 118.97)>",8.47437086994611,1.07629017839454,118.969270033731,21699880028.0925
"<PK:noesy_HSQC_SilB41_1ag.1.400: @(8.475, 0.425, 118.94)>",8.47540273274046,0.424770568767761,118.944118596934,6244738437.46666
"<PK:noesy_HSQC_SilB41_1ag.1.401: @(8.473, -0.028, 118.99)>",8.47264720698751,-0.0278615403276392,118.994227926666,8134982479.53403
"<PK:noesy_HSQC_SilB41_1ag.1.402: @(9.097, 9.095, 120.97)>",9.09700939952837,9.09456192690992,120.967677851123,98535254981.2583
"<PK:noesy_HSQC_SilB41_1ag.1.403: @(9.097, 4.529, 120.94)>",9.09652749923443,4.52922715072959,120.938219548628,3795194049.31448
"<PK:noesy_HSQC_SilB41_1ag.1.404: @(9.097, 3.943, 120.97)>",9.09670200178932,3.94312427662477,120.966812051182,26907347280.574
"<PK:noesy_HSQC_SilB41_1ag.1.405: @(9.09, 3.688, 120.99)>",9.09047642131667,3.68842657918664,120.992910102778,5661983045.59101
"<PK:noesy_HSQC_SilB41_1ag.1.406: @(9.104, 3.781, 120.9)>",9.10425231126589,3.78094886367045,120.901271716327,8689180731.35555
"<PK:noesy_HSQC_SilB41_1ag.1.407: @(9.094, 2.809, 120.97)>",9.09406421868552,2.80862700446529,120.967501808566,2698794452.44429
"<PK:noesy_HSQC_SilB41_1ag.1.408: @(9.097, 1.599, 120.97)>",9.0967740384312,1.59916518636035,120.970573287904,12873581645.8397
"<PK:noesy_HSQC_SilB41_1ag.1.409: @(9.098, 1.237, 120.96)>",9.09755650540332,1.23698743262504,120.959484665835,6569336834.5148
"<PK:noesy_HSQC_SilB41_1ag.1.410: @(9.097, 1.097, 120.93)>",9.09696791635874,1.09657529397214,120.932618615719,12254005211.6622
"<PK:noesy_HSQC_SilB41_1ag.1.411: @(9.097, 0.745, 120.98)>",9.09694878938831,0.744668006036412,120.97524974002,5565776690.6362
"<PK:noesy_HSQC_SilB41_1ag.1.412: @(9.097, 0.441, 120.97)>",9.09673379727263,0.441187586836428,120.966610786154,22128496096.8008
"<PK:noesy_HSQC_SilB41_1ag.1.414: @(9.097, -0.023, 120.94)>",9.09746857101979,-0.0229761510909317,120.936448313435,3596291240.47824
"<PK:noesy_HSQC_SilB41_1ag.1.415: @(8.493, 4.667, 123.11)>",8.49319280245778,4.6666750087902,123.108077373503,12312051043.9737
"<PK:noesy_HSQC_SilB41_1ag.1.416: @(8.495, 4.15, 122.84)>",8.49462111518467,4.14951455249675,122.837961690159,6958461579.14213
"<PK:noesy_HSQC_SilB41_1ag.1.417: @(8.492, 3.944, 123.06)>",8.49201289194426,3.94366129119144,123.058801929564,15360756341.8677
"<PK:noesy_HSQC_SilB41_1ag.1.418: @(8.493, 3.495, 123.06)>",8.4927046921085,3.49453844039962,123.062524560461,7039839910.13621
"<PK:noesy_HSQC_SilB41_1ag.1.419: @(8.491, 2.897, 123.12)>",8.49058805684835,2.89723689644811,123.117537344553,14615201362.2438
"<PK:noesy_HSQC_SilB41_1ag.1.420: @(8.491, 2.469, 123.0)>",8.49139610924845,2.46928107950279,123.000825762441,14128548343.7229
"<PK:noesy_HSQC_SilB41_1ag.1.422: @(8.498, 1.979, 122.78)>",8.49794995324608,1.97873046641735,122.777986770855,19087154813.0194
"<PK:noesy_HSQC_SilB41_1ag.1.423: @(8.495, 1.566, 122.98)>",8.49480269720264,1.5660036658997,122.980928835628,6518332360.6822
"<PK:noesy_HSQC_SilB41_1ag.1.424: @(8.492, 1.198, 123.1)>",8.49209933591451,1.19839902909215,123.099094055689,45407065834.4499
"<PK:noesy_HSQC_SilB41_1ag.1.426: @(8.492, 0.617, 123.05)>",8.49162762011132,0.617045673068612,123.047720513916,14606152688.1768
"<PK:noesy_HSQC_SilB41_1ag.1.428: @(8.067, 4.367, 120.67)>",8.06655430052169,4.36734836491312,120.669370136304,8040626351.07282
"<PK:noesy_HSQC_SilB41_1ag.1.429: @(7.853, 1.761, 120.5)>",7.85299173958564,1.76113853451943,120.503357887781,20653693443.1334
"<PK:noesy_HSQC_SilB41_1ag.1.1: @(7.958, 4.367, 124.76)>",7.95826981405944,4.36743197793184,124.756605242995,None
"<PK:noesy_HSQC_SilB41_1ag.1.2: @(7.953, 1.182, 122.84)>",7.95344112343369,1.18152114402743,122.843231127728,757670878.591511
"<PK:noesy_HSQC_SilB41_1ag.1.4: @(7.933, 7.931, 124.81)>",7.93315957951624,7.93134184088183,124.81377686881,-6380585082186.87
"<PK:noesy_HSQC_SilB41_1ag.1.5: @(8.357, 8.345, 128.99)>",8.35711235672135,8.34538554644434,128.986256718737,None
"<PK:noesy_HSQC_SilB41_1ag.1.6: @(8.336, 4.209, 123.36)>",8.3358389427659,4.2094611053475,123.364268708338,392295058977.486
"<PK:noesy_HSQC_SilB41_1ag.1.7: @(8.319, 4.027, 122.92)>",8.31882413635652,4.02658748868738,122.917249301477,197299266714.321
"<PK:noesy_HSQC_SilB41_1ag.1.8: @(8.347, 1.817, 121.36)>",8.34662705089268,1.81745887037968,121.364810504962,964146759450.325
"<PK:noesy_HSQC_SilB41_1ag.1.9: @(8.34, 1.716, 122.66)>",8.33973289586273,1.7160671358564,122.656686243161,74050552772.9137
"<PK:noesy_HSQC_SilB41_1ag.1.10: @(8.105, 8.232, 123.29)>",8.10478340115973,8.23178382270508,123.286812557298,None
"<PK:noesy_HSQC_SilB41_1ag.1.11: @(8.097, 4.027, 123.33)>",8.09664375743194,4.02662581132096,123.334825333429,None
"<PK:noesy_HSQC_SilB41_1ag.1.12: @(8.083, 0.819, 123.49)>",8.08298014528316,0.819336422540561,123.485615563021,10913189106.2977
"<PK:noesy_HSQC_SilB41_1ag.1.13: @(8.097, 1.284, 123.5)>",8.09664375743194,1.28396500903629,123.495768379921,None
"<PK:noesy_HSQC_SilB41_1ag.1.14: @(8.097, 1.074, 123.28)>",8.09664375743194,1.07435314346084,123.282772843902,None
"<PK:noesy_HSQC_SilB41_1ag.1.86: @(8.571, 8.568, 116.39)>",8.57103957210662,8.56781683064902,116.385872287092,210013354316.876
"<PK:noesy_HSQC_SilB41_1ag.1.88: @(8.567, 4.173, 116.38)>",8.56734856361812,4.17288240044316,116.379131195521,18970313378.4279
"<PK:noesy_HSQC_SilB41_1ag.1.89: @(8.571, 3.566, 116.4)>",8.57076310044314,3.56572994887529,116.404991949987,6382176041.11159
"<PK:noesy_HSQC_SilB41_1ag.1.90: @(8.566, 2.876, 116.36)>",8.56636166162439,2.87564035048759,116.360253462455,3813359464.12042
"<PK:noesy_HSQC_SilB41_1ag.1.91: @(8.57, 2.699, 116.39)>",8.57023276171759,2.69942591353276,116.386337615954,3137640118.87256
"<PK:noesy_HSQC_SilB41_1ag.1.92: @(8.569, 2.334, 116.38)>",8.56876395942992,2.3337393991904,116.378206714729,17644265081.2926
"<PK:noesy_HSQC_SilB41_1ag.1.93: @(8.562, 1.992, 116.38)>",8.56160426243388,1.99227179387785,116.384427914539,12141834048.4349
"<PK:noesy_HSQC_SilB41_1ag.1.94: @(8.568, 1.789, 116.38)>",8.56801055551676,1.78924047195437,116.379517253759,39753960208.6848
"<PK:noesy_HSQC_SilB41_1ag.1.107: @(7.985, 7.992, 116.35)>",7.98530069451644,7.99165668917219,116.350142854588,370509136523.743
"<PK:noesy_HSQC_SilB41_1ag.1.108: @(7.991, 7.221, 116.32)>",7.99139027477727,7.22064984537229,116.315423350434,29168179981.7364
"<PK:noesy_HSQC_SilB41_1ag.1.109: @(7.992, 4.169, 116.26)>",7.99228129351663,4.16904068085084,116.257282979874,19576653008.1749
"<PK:noesy_HSQC_SilB41_1ag.1.110: @(7.996, 4.051, 116.2)>",7.99610320997158,4.0510253841948,116.195484836201,14112765573.8246
"<PK:noesy_HSQC_SilB41_1ag.1.111: @(7.99, 3.409, 116.23)>",7.98966089856777,3.4089117414776,116.226042117811,8068754802.42484
"<PK:noesy_HSQC_SilB41_1ag.1.112: @(7.992, 3.19, 116.2)>",7.99180659688688,3.18968139256998,116.198051351364,8009872315.67757
"<PK:noesy_HSQC_SilB41_1ag.1.113: @(7.992, 2.417, 116.28)>",7.99193551763562,2.41735938566311,116.277090341177,31635194800.1217
"<PK:noesy_HSQC_SilB41_1ag.1.114: @(7.993, 1.826, 116.3)>",7.99259105107671,1.8257305868746,116.303910579049,8802195389.72403
"<PK:noesy_HSQC_SilB41_1ag.1.115: @(7.992, 1.66, 116.25)>",7.99221248610353,1.65967413630131,116.249769771829,12720508685.679
"<PK:noesy_HSQC_SilB41_1ag.1.117: @(7.224, 7.989, 116.88)>",7.2240676403962,7.98931204077221,116.878190223301,13576201030.6663
"<PK:noesy_HSQC_SilB41_1ag.1.118: @(7.221, 7.232, 116.79)>",7.2209303204413,7.23153820142629,116.79422410089,471031850345.382
"<PK:noesy_HSQC_SilB41_1ag.1.119: @(7.224, 4.045, 116.85)>",7.22363169451173,4.04462251820761,116.846980245898,49367219797.734
"<PK:noesy_HSQC_SilB41_1ag.1.120: @(7.224, 2.419, 116.84)>",7.22357257478495,2.41886442000009,116.843937077498,10434185153.9653
"<PK:noesy_HSQC_SilB41_1ag.1.121: @(7.225, 1.402, 116.79)>",7.22549669832973,1.40186931936391,116.793437571574,6742086066.93715
"<PK:noesy_HSQC_SilB41_1ag.1.132: @(9.402, 9.396, 120.46)>",9.40222206850705,9.39622961088707,120.460484318908,271975413190.244
"<PK:noesy_HSQC_SilB41_1ag.1.133: @(9.402, 7.269, 120.46)>",9.40214332500542,7.26898464024813,120.464374756452,29074069469.4133
"<PK:noesy_HSQC_SilB41_1ag.1.134: @(9.404, 6.844, 120.48)>",9.40423760406636,6.84389057840785,120.480666414073,13111854076.9459
"<PK:noesy_HSQC_SilB41_1ag.1.135: @(9.404, 4.759, 120.46)>",9.40407974445976,4.75862842612879,120.464880235371,10061492161.2451
"<PK:noesy_HSQC_SilB41_1ag.1.136: @(9.403, 4.394, 120.46)>",9.40263491298568,4.39435288147735,120.457531745508,56237400747.1783
"<PK:noesy_HSQC_SilB41_1ag.1.137: @(9.405, 3.161, 120.45)>",9.40539652459285,3.16070500231424,120.452208259785,26480969526.6713
"<PK:noesy_HSQC_SilB41_1ag.1.138: @(9.403, 2.816, 120.45)>",9.40259901886585,2.81571221240882,120.451943681207,29313354428.0506
"<PK:noesy_HSQC_SilB41_1ag.1.139: @(9.401, 1.018, 120.47)>",9.40103843196033,1.01787951706626,120.468754201098,17279123403.3304
"<PK:noesy_HSQC_SilB41_1ag.1.140: @(9.405, 1.169, 120.49)>",9.40469255272015,1.16937535766511,120.488467878935,7255134684.27092
"<PK:noesy_HSQC_SilB41_1ag.1.141: @(9.403, -0.175, 120.43)>",9.40339340914421,-0.175210573355151,120.431087270987,10075519137.9496
"<PK:noesy_HSQC_SilB41_1ag.1.170: @(8.069, 8.066, 119.75)>",8.06856859406993,8.06559000788674,119.751408580468,298430400323.769
"<PK:noesy_HSQC_SilB41_1ag.1.171: @(8.07, 4.142, 119.77)>",8.07004782925056,4.14205408136205,119.773147262447,9498469560.39993
"<PK:noesy_HSQC_SilB41_1ag.1.172: @(8.069, 3.856, 119.71)>",8.06857654294075,3.85594028522907,119.714950270012,34286868726.5609
"<PK:noesy_HSQC_SilB41_1ag.1.173: @(8.069, 3.359, 119.76)>",8.06906117565904,3.3590087048042,119.760037754192,32143921672.7645
"<PK:noesy_HSQC_SilB41_1ag.1.174: @(8.068, 2.702, 119.7)>",8.06760379987318,2.70183625787601,119.702731269425,3286526779.25905
"<PK:noesy_HSQC_SilB41_1ag.1.175: @(8.069, 1.431, 119.75)>",8.06872931030198,1.43131503745688,119.753215333019,89780406128.9275
"<PK:noesy_HSQC_SilB41_1ag.1.186: @(8.057, 8.053, 117.39)>",8.05726703856811,8.0534477054002,117.394494215176,239175443802.645
"<PK:noesy_HSQC_SilB41_1ag.1.187: @(8.059, 7.347, 117.42)>",8.05917700318673,7.34706277574787,117.417777130104,37652498713.6116
"<PK:noesy_HSQC_SilB41_1ag.1.188: @(8.058, 7.17, 117.43)>",8.05760064274067,7.16999678001309,117.431901714152,28692704470.9639
"<PK:noesy_HSQC_SilB41_1ag.1.189: @(8.057, 4.461, 117.4)>",8.0569473449195,4.4605271111332,117.395962265967,15772415248.8634
"<PK:noesy_HSQC_SilB41_1ag.1.190: @(8.061, 3.2, 117.39)>",8.06052955323855,3.20040973918637,117.385163959693,10600777546.759
"<PK:noesy_HSQC_SilB41_1ag.1.191: @(8.055, 3.042, 117.45)>",8.0545251749369,3.04225272809607,117.446323820414,30906130836.4975
"<PK:noesy_HSQC_SilB41_1ag.1.192: @(8.058, 2.513, 117.4)>",8.05759617150083,2.51344268889068,117.399019847207,42168092155.4277
"<PK:noesy_HSQC_SilB41_1ag.1.193: @(8.06, 0.48, 117.41)>",8.06010975349795,0.480262737585447,117.409076921665,11483732819.994
"<PK:noesy_HSQC_SilB41_1ag.1.194: @(7.349, 8.05, 111.69)>",7.348991100719,8.05009472381017,111.693776061554,20747247400.9596
"<PK:noesy_HSQC_SilB41_1ag.1.195: @(7.343, 7.352, 111.74)>",7.34334814763781,7.35247248828947,111.737710518464,427114006365.639
"<PK:noesy_HSQC_SilB41_1ag.1.196: @(7.351, 6.643, 112.23)>",7.35124112796773,6.64304986780521,112.232007131827,85396173205.1005
"<PK:noesy_HSQC_SilB41_1ag.1.197: @(7.349, 4.434, 111.72)>",7.34905916292546,4.43403024503978,111.715969777508,22661822761.8324
"<PK:noesy_HSQC_SilB41_1ag.1.198: @(7.348, 4.338, 111.71)>",7.34815025922673,4.33828288697672,111.714555260126,22902161620.4692
"<PK:noesy_HSQC_SilB41_1ag.1.200: @(7.345, 3.498, 111.73)>",7.34485023582207,3.49828211377356,111.726262604863,16750272991.2032
"<PK:noesy_HSQC_SilB41_1ag.1.201: @(7.349, 3.201, 111.71)>",7.34869699249836,3.2011602655687,111.709755784118,7430825912.75776
"<PK:noesy_HSQC_SilB41_1ag.1.202: @(7.35, 2.672, 111.71)>",7.35002097629564,2.67168679687548,111.714680857739,11543218106.854
"<PK:noesy_HSQC_SilB41_1ag.1.203: @(7.348, 2.518, 111.69)>",7.34843269254333,2.51761089741324,111.688542141343,26134802907.187
"<PK:noesy_HSQC_SilB41_1ag.1.204: @(7.35, 2.582, 111.71)>",7.34951572619364,2.58182669118416,111.705372221518,21385173389.182
"<PK:noesy_HSQC_SilB41_1ag.1.205: @(7.349, 2.209, 111.7)>",7.3492308088549,2.20884046168952,111.702588484254,13501153740.6532
"<PK:noesy_HSQC_SilB41_1ag.1.206: @(7.345, 2.095, 111.72)>",7.34466443096647,2.09497744726675,111.722023170671,11006343665.1556
"<PK:noesy_HSQC_SilB41_1ag.1.207: @(7.35, 1.907, 111.72)>",7.34997154425518,1.90723735383844,111.716531878302,13746016439.6901
"<PK:noesy_HSQC_SilB41_1ag.1.208: @(7.991, 7.988, 120.82)>",7.99070319425508,7.98838980908358,120.818674299054,351431693563.479
"<PK:noesy_HSQC_SilB41_1ag.1.209: @(7.991, 4.439, 120.8)>",7.9914280319137,4.43853688720954,120.797882746618,34820818394.2038
"<PK:noesy_HSQC_SilB41_1ag.1.210: @(7.991, 4.343, 120.8)>",7.99128072940117,4.3427064138243,120.796838845144,26028501352.988
"<PK:noesy_HSQC_SilB41_1ag.1.211: @(7.99, 4.14, 120.91)>",7.99036909327809,4.13999759925874,120.91177301513,12633976567.4309
"<PK:noesy_HSQC_SilB41_1ag.1.212: @(7.991, 3.48, 120.84)>",7.9912591184086,3.48036951760217,120.836662553941,7320952568.26629
"<PK:noesy_HSQC_SilB41_1ag.1.213: @(7.991, 2.439, 120.86)>",7.99075361990439,2.43906890873821,120.855015247805,8948868264.69669
"<PK:noesy_HSQC_SilB41_1ag.1.214: @(7.99, 2.633, 120.79)>",7.9903377945992,2.63341293755587,120.789956713631,5237568753.21604
"<PK:noesy_HSQC_SilB41_1ag.1.215: @(7.992, 2.212, 120.82)>",7.99164314823048,2.21167434578832,120.816806806673,14089814357.0968
"<PK:noesy_HSQC_SilB41_1ag.1.216: @(7.991, 2.236, 120.77)>",7.99137462543782,2.2362187483553,120.773444745443,19571630689.9293
"<PK:noesy_HSQC_SilB41_1ag.1.217: @(7.992, 2.303, 120.8)>",7.99159247417895,2.30304346738894,120.796764721962,7266119075.00643
"<PK:noesy_HSQC_SilB41_1ag.1.218: @(7.992, 1.981, 120.85)>",7.99162377285784,1.98073717886665,120.847560720612,16609891922.615
"<PK:noesy_HSQC_SilB41_1ag.1.219: @(7.988, 1.372, 120.82)>",7.98844149210232,1.37187912125618,120.821567162113,18213246986.3792
"<PK:noesy_HSQC_SilB41_1ag.1.273: @(8.236, 8.238, 116.82)>",8.23574601609405,8.23771462352407,116.820640779217,6731365502.06817
"<PK:noesy_HSQC_SilB41_1ag.1.274: @(7.869, 7.865, 116.77)>",7.86880278886902,7.86545751946053,116.766704840236,650662933259.925
"<PK:noesy_HSQC_SilB41_1ag.1.275: @(7.87, 4.238, 116.76)>",7.86964636278564,4.23802490517157,116.761072507924,10169840612.8173
"<PK:noesy_HSQC_SilB41_1ag.1.276: @(7.869, 3.561, 116.8)>",7.86916247527399,3.56060118603051,116.802204696774,11231725464.1033
