uniqueId,"Value
(ppm)","Value Error
(ppm)",SequenceCode,ResidueType,AtomName,"Total
Peak Count"
143,173.073111116886,0,43-1,None,C,
145,44.7815707186237,0,43-1,None,CA,
144,175.404697612044,None,43,ALA,C,
146,50.1030611375232,0.184284867346688,43,ALA,CA,
147,17.8848422996301,0.0702525036454874,43,ALA,CB,
15,7.93837832968314,0.0114269196686178,43,ALA,H,
430,4.40339598437056,0.0112321177191982,43,ALA,HA,
431,1.14186252963931,0.0134205242938577,43,ALA,HB,
14,124.81377686881,3.01578298584783E-06,43,ALA,N,
193,176.771590959746,0,45-1,None,C,
195,62.6417444513904,0.128760707338567,45-1,None,CA,
197,31.615977214165,0.0820089774868514,45-1,None,CB,
492,49.9767797041912,0.0333255337186087,45-1,None,CD,
698,62.632984161377,None,45-1,None,CD2,
491,26.9761517047882,0.0859981015289865,45-1,None,CG,
490,4.20995203086308,0.00614990268790723,45-1,None,HA,
703,2.07754325866699,None,45-1,None,HB,
701,2.07850079536438,0.00592388601931802,45-1,None,HB2,
702,1.6735878944397,0.00438837113733722,45-1,None,HB3,
696,3.5985337972641,0.00655804905121372,45-1,None,HD2,
697,3.44290044389922,0.00892652954399651,45-1,None,HD3,
699,2.06260197812861,0.0567006534840935,45-1,None,HG2,
700,1.80109798497167,0.0244341328244052,45-1,None,HG3,
194,176.209894625004,None,45,GLU,C,
196,56.0667417124149,0.221526603867572,45,GLU,CA,
198,30.4007721393172,0.168500907591702,45,GLU,CB,
436,35.8880201016064,0.200663574562476,45,GLU,CG,
35,8.35330985252535,0.0084271504948037,45,GLU,H,
432,4.02302168867454,0.00831777512305522,45,GLU,HA,
435,1.72516881910015,0.0132022299285688,45,GLU,HB2,
434,1.80730691287102,0.0107230522088645,45,GLU,HB3,
433,2.07143029877985,0.00961218371429409,45,GLU,HG%,
34,121.364810504962,0.0429469200320042,45,GLU,N,
152,176.219965705648,0,46-1,None,C,
154,30.0945199448615,3.37174788087152E-07,46-1,None,CB,
153,175.790103355423,None,46,LYS,C,
402,55.2943337115069,0.152386251591822,46,LYS,CA,
155,32.8411080070267,0.383699668191509,46,LYS,CB,
496,27.440643712094,1.38954927564836,46,LYS,CD,
495,41.5204704602559,0.103348491077598,46,LYS,CE,
497,23.5788847351074,0.245862963979165,46,LYS,CG,
19,8.0957864664449,0.0128836309082377,46,LYS,H,
437,4.07121472204885,0.0179165993097201,46,LYS,HA,
494,1.41946725235429,0.00697038780920693,46,LYS,HB%,
677,1.39390986760457,0.0131613512809132,46,LYS,HD%,
680,2.35999966803051,0.0291048569213252,46,LYS,HE%,
678,1.27684059937795,0.00699991854255545,46,LYS,HG2,
679,1.06804280810886,0.0118538976038708,46,LYS,HG3,
18,123.381652044487,0.120880580976847,46,LYS,N,
456,55.8655803386982,0.674873892508035,47,LYS,CA,24
458,33.63842072358,2.42235573826271,47,LYS,CB,34
674,28.4395983269874,0.14651517195756,47,LYS,CD,43
673,41.6582897327564,0.070378159692115,47,LYS,CE,25
675,24.4340223644091,0.102422730308636,47,LYS,CG,42
394,8.67946052618309,0.5908803444174,47,LYS,H,25
455,4.50416506420482,0.591356454540845,47,LYS,HA,20
676,1.4729722738266,None,47,LYS,HB2,0
457,1.94504582881928,0.579140944263362,47,LYS,HB%,31
668,1.4476996247585,0.0106046158844169,47,LYS,HD2,25
670,1.08838505215115,0.0121113628702245,47,LYS,HD3,26
672,2.76681132750078,0.0152927610783467,47,LYS,HE%,21
669,1.33815987752034,0.557484514324367,47,LYS,HG2,25
671,1.09796526034673,0.0335644631401765,47,LYS,HG3,29
395,122.792280650335,1.2353074489332,47,LYS,N,25
132,175.41173772933,0,48-1,None,C,2
134,55.8053376460448,0,48-1,None,CA,2
135,33.2151081301272,0,48-1,None,CB,2
133,176.409125004662,None,48,VAL,C,1
136,62.4527941547733,0.254577185054365,48,VAL,CA,26
401,32.7689739386551,0.182227498702476,48,VAL,CB,26
450,21.2219302994864,0.290084855610908,48,VAL,CG1,26
449,19.718566601093,0.035497681298454,48,VAL,CG2,24
11,8.38768289200127,0.000512354162530713,48,VAL,H,20
445,3.39450716150218,0.0158815946675489,48,VAL,HA,27
446,1.18930639480722,0.0214817243395823,48,VAL,HB,27
447,0.362084542882854,0.00699941947359462,48,VAL,HG1%,27
448,-1.07288218366689,0.00426682930327371,48,VAL,HG2%,27
10,125.984857065804,3.814697265625E-06,48,VAL,N,20
108,176.402698686928,0,49-1,None,C,2
111,62.3131264941767,0,49-1,None,CA,2
114,32.7607700526714,0,49-1,None,CB,2
112,56.3140042110905,0.126249881604992,49,LEU,CA,23
113,42.9465871453928,0.0445295527332583,49,LEU,CB,27
779,24.8234033584595,0.0431699752820785,49,LEU,CD1,2
774,24.8062686920166,0.0505180830360904,49,LEU,CD%,20
773,26.1120063781738,0.0977801150813636,49,LEU,CG,18
109,8.68971582028463,0.00145085354362779,49,LEU,H,15
557,3.95330783299037,0.00411420771195622,49,LEU,HA,20
775,1.28558718495899,0.0095322406941672,49,LEU,HB2,17
776,0.960387642566974,0.00910241449365332,49,LEU,HB3,13
777,0.613022380753567,0.00349322760076658,49,LEU,HD%,18
778,1.17784281373024,0.00765882938469522,49,LEU,HG,19
110,127.017591915865,1.9073486328125E-06,49,LEU,N,15
345,176.799701089971,0,50-1,None,C,2
347,56.3287555640563,0,50-1,None,CA,2
348,43.1779866768047,4.76837158203125E-07,50-1,None,CB,2
346,170.614709740505,None,50,PHE,C,1
410,55.8804913754301,0.263601260595889,50,PHE,CA,15
349,38.2056919570267,0.112338819662773,50,PHE,CB,21
89,6.62004450600936,0.000754020340991262,50,PHE,H,18
452,4.46876221436721,0.00344969140505784,50,PHE,HA,12
453,3.43885410748995,0.0108382436851654,50,PHE,HB2,12
558,3.20147196451823,0.00744128741560338,50,PHE,HB3,11
88,111.914834440107,1.34869915234861E-06,50,PHE,N,18
217,170.622215570882,0,51-1,None,C,2
219,56.3284116843715,0,51-1,None,CA,2
221,38.2066432088614,4.76837158203125E-07,51-1,None,CB,2
218,175.789274962619,None,51,TRP,C,1
220,57.6703053701203,0.208315349871606,51,TRP,CA,10
222,33.173279702353,0.10467655475281,51,TRP,CB,10
834,124.099418640137,0,51,TRP,CD1,2
835,118.143402099609,0,51,TRP,CE3,2
831,124.261940002441,0,51,TRP,CH2,2
829,113.972938537598,None,51,TRP,CZ2,1
838,121.753532409668,0,51,TRP,CZ3,2
42,9.63675907680814,0.000494940432233643,51,TRP,H,10
559,5.36361365848117,0.00784968884844741,51,TRP,HA,8
560,2.80570038159688,0.00445582109645839,51,TRP,HB%,8
833,6.21411943435669,0,51,TRP,HD1,2
867,10.1866836547852,None,51,TRP,HE1,1
836,6.6769871711731,0,51,TRP,HE3,2
832,6.94109392166138,0,51,TRP,HH2,2
830,7.18918704986572,None,51,TRP,HZ2,1
837,6.85218667984009,8.42936970217881E-08,51,TRP,HZ3,2
43,120.594034934071,1.9073486328125E-06,51,TRP,N,10
866,128.692428588867,None,51,TRP,NE1,1
297,175.795491381548,0,52-1,None,C,2
299,58.0174571666867,0,52-1,None,CA,2
300,33.2230995967984,0,52-1,None,CB,2
298,171.918804991059,None,52,TYR,C,1
302,56.909340539109,0.384080092973938,52,TYR,CA,18
301,40.4766470827162,0.153453866650353,52,TYR,CB,23
844,133.453979492188,0,52,TYR,CDx,2
843,116.955093383789,None,52,TYR,CEx,1
73,9.60711610009288,0.00033605143126519,52,TYR,H,18
462,5.35629029273987,0.0178355447932173,52,TYR,HA,18
463,3.34795841417815,0.00602801121975754,52,TYR,HB2,17
464,3.13198944926262,0.00598982242162446,52,TYR,HB3,15
845,6.77080249786377,0,52,TYR,HD%,2
842,6.33009099960327,None,52,TYR,HE%,1
72,117.517338881415,3.30362473977828E-06,52,TYR,N,17
370,171.895514389966,0,53-1,None,C,2
373,56.9401793926954,0,53-1,None,CA,2
375,40.6858711317182,4.76837158203125E-07,53-1,None,CB,2
371,176.378818867728,None,53,ASP,C,1
372,49.912468621973,0.256473277916021,53,ASP,CA,15
374,41.8278650006812,0.272425937095492,53,ASP,CB,25
99,10.8023788949515,0.000459567087070477,53,ASP,H,18
468,4.90557346845928,0.00786348202937899,53,ASP,HA,17
469,3.10784107760379,0.0100696898721889,53,ASP,HB2,17
470,2.44235014915466,0.0114857861393101,53,ASP,HB3,16
98,124.47664727082,3.56832255055803E-06,53,ASP,N,18
333,176.787557698786,0,55-1,None,C,
335,64.1658272911464,0.0984866730546948,55-1,None,CA,
337,31.4772600633403,0.0534020605380031,55-1,None,CB,
738,50.9505334581648,0.0603055805389671,55-1,None,CD,
742,26.9960191726685,0.0463378793986852,55-1,None,CG,
692,4.1720320135355,0.00673577593800447,55-1,None,HA,
736,2.28871734482901,0.010544877335417,55-1,None,HB2,
737,1.98358042450512,0.00601686584419481,55-1,None,HB3,
743,3.68718854359218,0.0122819654548932,55-1,None,HD2,
744,3.56543479363124,0.00903870915169146,55-1,None,HD3,
740,1.98034766842337,0.00599743176181504,55-1,None,HG2,
741,1.59856311480204,0.00683841428146137,55-1,None,HG3,
334,176.191564943176,None,55,MET,C,
336,58.3336024200544,0.137948502062724,55,MET,CA,
338,33.0913679286838,0.0644968631825692,55,MET,CB,
643,16.3872547149658,0,55,MET,CE,
503,38.6004764768812,0.941438848840291,55,MET,CG,
85,8.56789476744532,0.00351363244702805,55,MET,H,
471,4.17004631547367,0.00441559372921313,55,MET,HA,
506,2.33634730747768,0.00580335413040066,55,MET,HB2,
507,1.79225001953266,0.00735419022745674,55,MET,HB3,
644,1.90341925621033,0.00151588814682104,55,MET,HE%,
504,2.88086103509974,0.0069670972849231,55,MET,HG2,
505,2.6929230372111,0.00455835619987541,55,MET,HG3,
84,116.393047032464,3.56832255055803E-06,55,MET,N,
189,174.226962307876,0.0134728226048539,56,LYS,C,2
190,53.6026054191791,0.270019829312636,56,LYS,CA,56
406,32.9744113611609,0.163261500415815,56,LYS,CB,100
652,27.8118427609934,0.115241820207942,56,LYS,CD,95
654,41.4915175804725,0.075668502139822,56,LYS,CE,61
653,23.7386044638497,0.102060099229993,56,LYS,CG,97
33,8.1766721935462,0.0298621044203635,56,LYS,H,52
472,4.39479966066322,0.0892240601399448,56,LYS,HA,46
646,1.39684678587997,0.0123606265760417,56,LYS,HB2,55
647,0.948508455536582,0.00926890138058388,56,LYS,HB3,53
648,0.815589938523634,0.0108943651226496,56,LYS,HD2,51
649,0.726132388298328,0.18140538748715,56,LYS,HD3,72
655,2.35451919078827,0.0103122954667894,56,LYS,HE%,48
650,0.766296840765897,0.269234313176963,56,LYS,HG2,32
651,0.577644563954452,0.232522210424597,56,LYS,HG3,55
32,121.629451885322,0.0415874412994719,56,LYS,N,51
746,65.000970693735,0.0802632930575803,57,PRO,CA,24
757,32.0752586696459,0.138624015944933,57,PRO,CB,42
758,49.5337441093043,0.108358957436482,57,PRO,CD,34
756,26.4654189639621,0.104648965158892,57,PRO,CG,41
745,4.39422507035105,0.0157980767934107,57,PRO,HA,18
759,1.9467275540034,0.00743528655136803,57,PRO,HB2,20
760,1.86577200889587,0.00550714305841954,57,PRO,HB3,20
763,3.38483959436417,0.0474085000266693,57,PRO,HD2,19
764,3.19789156317711,0.00593844900620969,57,PRO,HD3,15
761,1.80439618359441,0.0094464712786342,57,PRO,HG2,22
762,1.6620926044204,0.00626869773143724,57,PRO,HG3,21
340,176.118280101568,None,58,ASP,C,1
342,54.7256439010214,0.17527703625774,58,ASP,CA,12
343,40.2035829860251,0.0950736843666235,58,ASP,CB,8
87,7.99376189562956,0.00305646879198821,58,ASP,H,28
475,4.15111483846392,0.0279437872010157,58,ASP,HA,12
476,2.42096549272537,0.00535140819615317,58,ASP,HB2,7
86,116.320973097609,3.01578298584783E-06,58,ASP,N,23
321,176.123559870292,0,59-1,None,C,2
323,54.7471369355917,0,59-1,None,CA,2
326,40.5748081803322,0,59-1,None,CB,2
322,172.088681590743,None,59,THR,C,1
324,62.8931572486957,0.163930082892833,59,THR,CA,16
325,69.311977628991,0.0868934118979818,59,THR,CB,18
481,21.7445269132915,0.591133975592528,59,THR,CG2,17
81,7.22832024886505,0.00837126294071364,59,THR,H,30
480,4.04540528749165,0.00466502644801365,59,THR,HA,18
478,4.05481061481294,0.0157919211576206,59,THR,HB,19
479,0.808224865368434,0.00962488417789733,59,THR,HG1,6
508,0.805416719118754,0.00341543081487018,59,THR,HG2%,14
80,116.832694384714,3.30362473977828E-06,59,THR,N,24
116,55.1436576843262,None,60,LYS,C,1
117,55.1525151300011,0.083729494898981,60,LYS,CA,22
120,33.8540756636176,1.0799016808533,60,LYS,CB,49
621,28.1334446202154,0.196504007907664,60,LYS,CD,42
628,41.5448226928711,0.102659972692518,60,LYS,CE,27
620,23.8646838188171,0.0587027243917866,60,LYS,CG,38
5,8.15104136545048,0.00316853411990697,60,LYS,H,25
619,4.41048546937796,0.0110204129852757,60,LYS,HA,25
622,1.15561276895029,0.0080362879358914,60,LYS,HB2,26
623,1.01976667395953,0.0104136446258382,60,LYS,HB3,28
624,0.618127678449337,0.0207591074633202,60,LYS,HD2,25
626,0.337266372946593,0.0124616984037853,60,LYS,HD3,25
629,2.12934523279017,0.0138901167938537,60,LYS,HE%,21
625,0.600419735908508,0.0183487345487114,60,LYS,HG2,29
627,-0.143793080982409,0.110638292082438,60,LYS,HG3,18
4,126.134707855359,1.34869915234861E-06,60,LYS,N,25
224,175.989017219283,None,61,PHE,C,1
228,56.6382491679655,0.0879827194801091,61,PHE,CA,16
227,41.3471489273012,0.0727524102539805,61,PHE,CB,13
860,131.054458618164,None,61,PHE,CDx,0
861,131.288345336914,None,61,PHE,CEx,0
858,130.829772949219,None,61,PHE,CZ,0
44,9.40138505063003,0.00308706907152072,61,PHE,H,28
482,4.76971860365434,0.00582078785764439,61,PHE,HA,20
510,3.16523756980896,0.0116943402900773,61,PHE,HB2,5
509,3.16890064407797,0.00978168533246478,61,PHE,HB%,15
859,7.17609477043152,0.00514769554138184,61,PHE,HD%,2
862,7.55299282073975,None,61,PHE,HE%,0
857,6.80281257629395,None,61,PHE,HZ,0
45,120.448145316712,4.26496119976004E-06,61,PHE,N,25
245,53.4864557320742,0.172664966250153,62,ASP,CA,17
407,41.395032514564,0.266457630614922,62,ASP,CB,18
51,8.64945771443953,0.000302092734082407,62,ASP,H,17
486,4.9964472717709,0.00462071699390873,62,ASP,HA,16
487,2.86837689693157,0.00656525096192193,62,ASP,HB2,12
488,2.62241517580473,0.00672136925648925,62,ASP,HB3,12
50,119.880239630928,3.56832255055803E-06,62,ASP,N,17
303,174.624446205795,0,63-1,None,C,2
305,53.8380898004398,0,63-1,None,CA,2
307,41.3568887282163,0,63-1,None,CB,2
304,171.700400840491,None,63,LYS,C,1
306,52.817663605387,0.135043651352248,63,LYS,CA,28
308,34.0188963585637,0.105324335378155,63,LYS,CB,41
603,28.643728913932,0.149145821692087,63,LYS,CD,27
605,41.6299555642264,0.0512271660254387,63,LYS,CE,26
604,23.249672330659,0.105456015158433,63,LYS,CG,27
74,7.14429612319305,0.00178317406427584,63,LYS,H,24
596,3.84761306643486,0.0100654724519908,63,LYS,HA,23
601,1.47944212456544,0.270849821013743,63,LYS,HB2,23
602,1.21684222496473,0.00451742605313586,63,LYS,HB3,25
597,1.41715371608734,None,63,LYS,HB%,0
599,1.45160840451717,0.0233283810561215,63,LYS,HD%,23
598,2.78317049416629,0.00739820519247807,63,LYS,HE%,21
600,1.13497787952423,0.0116467097065174,63,LYS,HG%,24
75,117.437208059984,1.34869915234861E-06,63,LYS,N,24
359,175.380256926641,0,65-1,None,C,2
361,60.8318835591015,0.128917537999669,65-1,None,CA,17
364,31.4914212397892,0.0844146455133332,65-1,None,CB,22
726,48.3058236645114,0.0563159622976167,65-1,None,CD,27
725,25.0644160183993,0.101033823863281,65-1,None,CG,20
727,25.0607414245605,0,65-1,None,CG%,2
724,2.93994606335958,0.00376738922801306,65-1,None,HA,14
734,0.998757660388947,None,65-1,None,HB2,0
729,0.998353989685283,0.00575075498033009,65-1,None,HB%,16
731,2.74224066734314,None,65-1,None,HD1,0
732,2.4882031083107,0.503838716434344,65-1,None,HD2,18
733,1.48360155929219,0.00298530916820328,65-1,None,HD3,11
730,2.74515676498413,None,65-1,None,HD%,1
735,1.24499082565308,None,65-1,None,HG,0
728,1.23378659549512,0.00732139152673678,65-1,None,HG%,18
360,171.309901699424,None,65,GLY,C,1
362,43.8007056166728,0.117313275807214,65,GLY,CA,11
95,7.61287641041659,0.000602964045209984,65,GLY,H,13
561,3.90594143337674,0.00418376307895859,65,GLY,HA2,8
562,3.39123270246718,0.00608520680469709,65,GLY,HA3,8
94,105.120112077506,2.69739830469722E-06,65,GLY,N,13
260,55.1549595147371,None,66,LYS,CA,1
258,32.1864912398159,None,66,LYS,CB,1
57,8.06932678272657,0.00648913471077353,66,LYS,H,22
690,4.13782588640849,0.00227954147468754,66,LYS,HA,6
56,119.708942465088,0.000855976756521978,66,LYS,N,20
766,54.6532020568848,0,67,SER,CA,2
565,64.2303189189173,0.404720603123517,67,SER,CB,8
427,8.87000351555471,0.000743976637894117,67,SER,H,8
563,4.08484156926473,0.182798142270475,67,SER,HA,3
564,4.30809226036072,0.12432203798536,67,SER,HB%,9
426,120.050326958299,1.34869915234861E-06,67,SER,N,8
309,177.370771795511,0,69-1,None,C,2
311,62.599008662231,0.060203669140123,69-1,None,CA,31
314,30.8694764383394,0.0724507406147269,69-1,None,CB,54
705,49.7712508568397,0.0458953051918236,69-1,None,CD,61
706,25.6624488830566,0.0403783052827215,69-1,None,CG,52
704,4.25291032502146,0.00546684429307074,69-1,None,HA,31
713,1.78105076381138,0.00546859748388331,69-1,None,HB2,33
712,1.25180544172015,0.0048188009075541,69-1,None,HB3,33
707,3.05148600472344,0.00738575096983805,69-1,None,HD2,43
710,3.01647663116455,None,69-1,None,HD2y,1
708,3.01342724391392,0.00840042285243396,69-1,None,HD3,32
714,0.472351630528768,0.00848110193849404,69-1,None,HG1%,3
711,1.53396181038448,0.00927969166132557,69-1,None,HG2,33
709,0.474311073621114,0.00617712688346175,69-1,None,HG3,31
310,175.395887129009,None,69,PHE,C,1
312,57.5092308043557,0.0948801349501463,69,PHE,CA,15
313,40.1512005969205,0.126980374502998,69,PHE,CB,9
852,131.054458618164,None,69,PHE,CDx,0
856,131.288345336914,None,69,PHE,CEx,0
853,130.829772949219,None,69,PHE,CZ,0
77,8.05542069102127,0.00518958835895244,69,PHE,H,30
515,4.46498250961304,0.00550390026296218,69,PHE,HA,16
517,2.49087931128109,0.00912288887997187,69,PHE,HB3,16
850,7.18472528457642,None,69,PHE,HD1,0
851,7.16823792457581,0.000296354293823242,69,PHE,HD%,2
855,7.56010246276856,None,69,PHE,HE%,0
854,6.81426954269409,None,69,PHE,HZ,0
76,117.328131895756,1.9073486328125E-06,69,PHE,N,24
421,57.6588371470571,0,70-1,None,CA,2
420,40.4086840003729,0,70-1,None,CB,2
422,54.2651641289038,0.108766171652464,70,MET,CA,20
423,33.4998974464834,0.117840012839604,70,MET,CB,22
682,19.2607307434082,2.38418579101562E-07,70,MET,CE,2
810,31.7896915961956,0.186360105141232,70,MET,CG,27
418,7.35069324006327,0.0042983188505571,70,MET,H,24
518,4.42929108937581,0.00408611385511604,70,MET,HA,23
812,2.20533979856051,0.00775474170917584,70,MET,HB2,13
811,1.91012930870056,0.00532371479267678,70,MET,HB3,22
681,2.08759099245071,0.0129946858265462,70,MET,HE%,7
809,2.66862560402263,0.00967420488416924,70,MET,HG2,20
813,2.36485552787781,0.0779423515010891,70,MET,HG3,17
419,111.679664326832,2.33601545599287E-06,70,MET,N,20
288,173.073244143743,0,71-1,None,C,2
289,54.4075608495623,0,71-1,None,CA,2
290,33.9036523681134,0,71-1,None,CB,2
68,8.42341134051911,0.00156418381415468,71,ASP,H,13
519,4.63034454981486,0.011376726916514,71,ASP,HA,3
520,2.63560199737549,0.0203561298815845,71,ASP,HB2,4
521,2.29882129033407,0.00843420254079636,71,ASP,HB3,3
69,118.089343410466,1.9073486328125E-06,71,ASP,N,13
211,174.262444712222,0,72-1,None,C,2
213,53.7474349364638,0,72-1,None,CA,2
215,38.7465378940105,0,72-1,None,CB,2
212,173.272108079866,None,72,MET,C,1
214,54.2687953513861,0.0969882693300856,72,MET,CA,23
216,35.4379647254774,0.0892551554847267,72,MET,CB,20
684,20.1595649719238,2.38418579101562E-07,72,MET,CE,2
523,32.2720009940011,0.0885352491048172,72,MET,CG,26
40,7.99489087985621,0.00290792226963305,72,MET,H,31
522,4.4282458976463,0.00506151527030259,72,MET,HA,24
525,1.95729255676269,None,72,MET,HB2,1
524,1.97680457115173,0.00611577914151658,72,MET,HB%,23
683,2.18315108617147,0.0177700654982538,72,MET,HE%,5
526,2.43817050316754,0.00570546930355371,72,MET,HG2,15
527,2.21556079387665,0.00528829140035062,72,MET,HG3,22
41,120.747243020439,4.86280394896773E-06,72,MET,N,29
386,35.6909792292863,4.76837158203125E-07,73-1,None,CB,2
385,40.9682587821804,0.153319834018192,73,ASP,CB,28
162,8.51861139580137,0.0178422619104501,73,ASP,H,35
566,4.58335135199807,0.209048643765917,73,ASP,HA,10
568,2.28611209988594,0.0110793845934451,73,ASP,HB3,7
161,122.919416658813,1.9073486328125E-06,73,ASP,N,17
272,176.46855112724,0,74-1,None,C,2
276,54.6830300539732,0,74-1,None,CA,2
274,40.988479077816,0,74-1,None,CB,2
780,4.65494346618652,None,74-1,None,HA,1
273,177.161812596954,None,74,LEU,C,1
408,54.7044837692132,0.136186857989333,74,LEU,CA,17
275,43.1720840879109,0.126360825464331,74,LEU,CB,22
801,25.0450007494758,0.263008586107737,74,LEU,CD1,16
802,24.9202299118042,0.0621028050890926,74,LEU,CD2,15
803,23.7527074813843,0.0649959989468499,74,LEU,CG,15
62,8.47610802322404,0.00139048269355339,74,LEU,H,17
569,3.9697488461222,0.0926079891815328,74,LEU,HA,20
800,1.58099412066596,0.00931622324344161,74,LEU,HB,13
806,1.2345655595555,0.00860900647092249,74,LEU,HB3,16
805,0.0152923139846989,0.18005600033751,74,LEU,HD1%,17
807,0.0131441611382696,0.178796447912045,74,LEU,HD2%,17
808,-0.0729776918888092,None,74,LEU,HD%,0
804,0.425398349761963,0.0127210011829566,74,LEU,HG,17
63,118.883806108654,0.051479035935243,74,LEU,N,17
205,177.164761488792,0,75-1,None,C,2
207,54.6587435603142,0,75-1,None,CA,2
209,43.2387362821028,0,75-1,None,CB,2
206,173.267282288522,None,75,VAL,C,1
208,58.3100994107398,0.131493996724482,75,VAL,CA,20
210,33.2407743315297,0.152784086981379,75,VAL,CB,20
574,20.3648538135347,0.0471226223230196,75,VAL,CG1,19
575,19.6166451772054,0.0669969279638547,75,VAL,CG2,19
38,9.09938821651398,0.0023284016843387,75,VAL,H,20
570,4.5293876748336,0.0072961619415488,75,VAL,HA,18
571,1.60570065598739,0.00711521979332764,75,VAL,HB,18
572,0.738158461294676,0.00792681826353424,75,VAL,HG1%,18
573,0.443538237559168,0.00497416223649201,75,VAL,HG2%,18
39,120.942878827955,2.33601545599287E-06,75,VAL,N,20
126,174.608141048811,0,78-1,None,C,
128,53.2268452960998,0,78-1,None,CA,
129,31.3700715005398,3.37174788087152E-07,78-1,None,CB,
127,176.37606395781,None,78,TYR,C,
131,57.7478280051611,0.0907836807219745,78,TYR,CA,
130,39.1391643784319,0.138053198517268,78,TYR,CB,
824,131.178482055664,None,78,TYR,CD1,
9,8.43288342833979,0.0043061920347939,78,TYR,H,
541,4.65473909378052,0.0148954732570106,78,TYR,HA,
538,2.90538318951925,0.00739326575486684,78,TYR,HB2,
539,2.45962131023407,0.00707457191985947,78,TYR,HB3,
823,6.91615982055664,0.140085127190068,78,TYR,HD%,
847,6.4935359954834,None,78,TYR,HE1,
848,6.41835530598958,0.000104299374621786,78,TYR,HE%,
8,126.015643237703,3.01578298584783E-06,78,TYR,N,
160,177.16936574108,None,79,ALA,C,1
165,52.3291806892181,0.162744412832897,79,ALA,CA,10
166,18.8874107941519,0.0729222672970001,79,ALA,CB,10
22,8.49621998267054,0.00183218499140276,79,ALA,H,16
868,3.95080202276056,0.0107136665831746,79,ALA,HA,10
577,1.19189416278492,0.00452001480497098,79,ALA,HB%,10
23,122.880301915964,0,79,ALA,N,16
247,177.749405799434,0,80-1,None,C,2
248,52.5271212011576,0,80-1,None,CA,2
249,19.3763425052166,0,80-1,None,CB,2
786,54.1083993911743,0.124062671665264,80,ASP,CA,4
785,40.6158345540365,0.0280151084665886,80,ASP,CB,5
52,8.40364704088879,0.00329497693530205,80,ASP,H,9
787,4.37360219955444,0.00363550066741918,80,ASP,HA,4
788,2.43723177909851,0.0132404400114136,80,ASP,HB%,6
53,119.951767053348,0,80,ASP,N,9
781,54.2257629394531,0.0977680068581584,81-1,ASP,CA,4
233,40.7593209765852,0.0307483819953586,81-1,ASP,CB,5
784,4.37598252296448,0.000899553298950195,81-1,ASP,HA,2
582,56.0875583648682,0.0614685607502509,81,GLU,CA,18
583,29.977105048395,0.121188224884493,81,GLU,CB,27
584,36.0212478637695,0.0513936034777025,81,GLU,CG,16
240,8.0419993710682,0.00228839475466859,81,GLU,H,19
578,4.14271618338192,0.00600214360056588,81,GLU,HA,16
580,1.92444988559274,0.00837597321753802,81,GLU,HB2,16
581,1.74047544598579,0.00675694312421585,81,GLU,HB3,15
585,1.74141216278076,None,81,GLU,HB%,0
579,2.0711318174998,0.00758558310975478,81,GLU,HG%,15
239,120.510562717915,1.34869915234861E-06,81,GLU,N,19
,58.2096496288265,0.111154387535773,82,SER,CA,12
,63.6548400372267,0.0609564042088124,82,SER,CB,12
,8.23106400784355,0.00324142467172512,82,SER,H,16
,4.23895649877799,0.0049197534588719,82,SER,HA,13
,3.66764068603516,None,82,SER,HB2,0
,3.67262719472249,0.00569204638814283,82,SER,HB%,13
,116.891897862164,0.0170550291914252,82,SER,N,16
,173.843240004499,0,83-1,None,C,2
,58.4639706462622,0,83-1,None,CA,2
,63.8840030729771,0,83-1,None,CB,2
,178.927962791175,None,83,GLY,C,1
,45.8991268007085,0.125109461713867,83,GLY,CA,6
,7.86845360641936,0.0011687922896488,83,GLY,H,16
,3.56083250045776,None,83,GLY,HA3,0
,3.56089215278625,0.00427981675267685,83,GLY,HA%,8
,116.764743281267,0,83,GLY,N,16
